{"root":[{"assemblyName":"Assembly-CSharp","nameSpace":"","className":"OSBLevelEditorStaticValues","methodName":"BandadeBugFix","loadTypes":0,"isUnityClass":false},{"assemblyName":"Assembly-CSharp","nameSpace":"OSB.Editor","className":"PaloUtils","methodName":"initUtils","loadTypes":0,"isUnityClass":false},{"assemblyName":"Unity.VisualScripting.Core","nameSpace":"Unity.VisualScripting","className":"RuntimeVSUsageUtility","methodName":"RuntimeInitializeOnLoadBeforeSceneLoad","loadTypes":1,"isUnityClass":true}]}
